-- phpMyAdmin SQL Dump
-- version 5.2.0
-- https://www.phpmyadmin.net/
--
-- Anamakine: 127.0.0.1
-- Üretim Zamanı: 03 Oca 2023, 14:22:57
-- Sunucu sürümü: 10.4.24-MariaDB
-- PHP Sürümü: 8.1.6

SET SQL_MODE = "NO_AUTO_VALUE_ON_ZERO";
START TRANSACTION;
SET time_zone = "+00:00";


/*!40101 SET @OLD_CHARACTER_SET_CLIENT=@@CHARACTER_SET_CLIENT */;
/*!40101 SET @OLD_CHARACTER_SET_RESULTS=@@CHARACTER_SET_RESULTS */;
/*!40101 SET @OLD_COLLATION_CONNECTION=@@COLLATION_CONNECTION */;
/*!40101 SET NAMES utf8mb4 */;

--
-- Veritabanı: `kutuphane`
--

-- --------------------------------------------------------

--
-- Tablo için tablo yapısı `islem`
--

CREATE TABLE `islem` (
  `islemNo` int(11) NOT NULL,
  `uyeNo` int(11) DEFAULT NULL,
  `kitapNo` int(11) DEFAULT NULL,
  `atarih` date DEFAULT NULL,
  `vtarih` date DEFAULT NULL
) ENGINE=InnoDB DEFAULT CHARSET=utf8 COLLATE=utf8_turkish_ci;

--
-- Tablo döküm verisi `islem`
--

INSERT INTO `islem` (`islemNo`, `uyeNo`, `kitapNo`, `atarih`, `vtarih`) VALUES
(1, 73, 10, '2020-01-01', '2020-01-17'),
(2, 6, 17, '2020-01-02', '2020-01-07'),
(3, 59, 11, '2020-01-03', '2020-01-06'),
(4, 60, 42, '2020-01-03', '2020-01-16'),
(5, 27, 2, '2020-01-03', '2020-01-04'),
(6, 36, 2, '2020-01-04', '2020-01-15'),
(7, 20, 39, '2020-01-05', '2020-01-18'),
(8, 79, 38, '2020-01-05', '2020-01-10'),
(9, 29, 37, '2020-01-06', '2020-01-08'),
(10, 76, 30, '2020-01-08', '2020-01-11'),
(11, 63, 23, '2020-01-08', '2020-01-14'),
(12, 63, 31, '2020-01-09', '2020-01-28'),
(13, 27, 15, '2020-01-10', '2020-01-17'),
(14, 7, 37, '2020-01-11', '2020-01-22'),
(15, 58, 36, '2020-01-11', '2020-01-21'),
(16, 90, 16, '2020-01-12', '2020-01-24'),
(17, 33, 44, '2020-01-13', '2020-01-22'),
(18, 19, 37, '2020-01-13', '2020-01-25'),
(19, 11, 6, '2020-01-13', '2020-01-24'),
(20, 38, 27, '2020-01-14', '2020-02-02'),
(21, 93, 31, '2020-01-14', '2020-01-16'),
(22, 48, 8, '2020-01-15', '2020-01-30'),
(23, 19, 34, '2020-01-15', '2020-01-27'),
(24, 58, 35, '2020-01-16', '2020-01-28'),
(25, 32, 24, '2020-01-16', '2020-02-05'),
(26, 81, 19, '2020-01-17', '2020-01-24'),
(27, 24, 20, '2020-01-17', '2020-02-07'),
(28, 77, 21, '2020-01-18', '2020-01-23'),
(29, 42, 8, '2020-01-19', '2020-02-08'),
(30, 18, 28, '2020-01-19', '2020-01-24'),
(31, 97, 39, '2020-01-19', '2020-02-04'),
(32, 4, 23, '2020-01-20', '2020-01-27'),
(33, 81, 34, '2020-01-21', '2020-01-23'),
(34, 43, 28, '2020-01-21', '2020-02-06'),
(35, 82, 42, '2020-01-22', '2020-02-12'),
(36, 12, 34, '2020-01-23', '2020-01-30'),
(37, 27, 8, '2020-01-24', '2020-02-08'),
(38, 66, 3, '2020-01-25', '2020-01-31'),
(39, 49, 14, '2020-01-25', '2020-02-14'),
(40, 31, 1, '2020-01-25', '2020-02-10'),
(41, 21, 43, '2020-01-27', '2020-02-05'),
(42, 35, 23, '2020-01-27', '2020-01-30'),
(43, 19, 44, '2020-01-28', '2020-02-05'),
(44, 6, 17, '2020-01-28', '2020-02-17'),
(45, 36, 15, '2020-01-28', '2020-02-16'),
(46, 73, 36, '2020-02-01', '2020-02-15'),
(47, 82, 23, '2020-02-01', '2020-02-08'),
(48, 4, 5, '2020-02-01', '2020-02-03'),
(49, 70, 8, '2020-02-01', '2020-02-19'),
(50, 65, 19, '2020-02-01', '2020-02-18'),
(51, 23, 4, '2020-02-03', '2020-02-21'),
(52, 60, 18, '2020-02-03', '2020-02-09'),
(53, 75, 44, '2020-02-04', '2020-02-15'),
(54, 43, 34, '2020-02-04', '2020-02-13'),
(55, 51, 14, '2020-02-05', '2020-02-14'),
(56, 29, 1, '2020-02-06', '2020-02-20'),
(57, 85, 14, '2020-02-07', '2020-02-23'),
(58, 5, 38, '2020-02-07', '2020-02-10'),
(59, 36, 11, '2020-02-08', '2020-02-12'),
(60, 64, 41, '2020-02-09', '2020-02-15'),
(61, 3, 1, '2020-02-10', '2020-02-23'),
(62, 53, 8, '2020-02-10', '2020-02-16'),
(63, 31, 32, '2020-02-10', '2020-03-02'),
(64, 56, 3, '2020-02-10', '2020-02-17'),
(65, 66, 37, '2020-02-11', '2020-02-27'),
(66, 96, 23, '2020-02-11', '2020-02-19'),
(67, 53, 15, '2020-02-12', '2020-02-14'),
(68, 3, 20, '2020-02-13', '2020-03-02'),
(69, 36, 12, '2020-02-13', '2020-02-22'),
(70, 29, 31, '2020-02-15', '2020-03-04'),
(71, 89, 21, '2020-02-16', '2020-03-08'),
(72, 1, 27, '2020-02-16', '2020-02-25'),
(73, 68, 8, '2020-02-17', '2020-02-24'),
(74, 83, 2, '2020-02-20', '2020-03-05'),
(75, 50, 34, '2020-02-20', '2020-02-20'),
(76, 8, 1, '2020-02-20', '2020-02-26'),
(77, 71, 10, '2020-02-20', '2020-03-03'),
(78, 20, 2, '2020-02-21', '2020-03-02'),
(79, 8, 20, '2020-02-21', '2020-02-22'),
(80, 83, 12, '2020-02-21', '2020-02-23'),
(81, 37, 6, '2020-02-22', '2020-02-22'),
(82, 16, 14, '2020-02-22', '2020-02-25'),
(83, 50, 3, '2020-02-23', '2020-03-11'),
(84, 25, 32, '2020-02-23', '2020-03-11'),
(85, 62, 4, '2020-02-24', '2020-03-03'),
(86, 75, 25, '2020-02-24', '2020-03-12'),
(87, 14, 37, '2020-02-25', '2020-03-11'),
(88, 39, 6, '2020-02-26', '2020-03-19'),
(89, 82, 10, '2020-02-26', '2020-03-16'),
(90, 88, 37, '2020-02-26', '2020-02-28'),
(91, 37, 20, '2020-02-27', '2020-03-07'),
(92, 96, 35, '2020-02-28', '2020-03-17'),
(93, 88, 11, '2020-02-28', '2020-03-11'),
(94, 82, 32, '2020-03-01', '2020-03-07'),
(95, 37, 39, '2020-03-01', '2020-03-22'),
(96, 41, 10, '2020-03-01', '2020-03-07'),
(97, 43, 16, '2020-03-02', '2020-03-13'),
(98, 45, 33, '2020-03-03', '2020-03-24'),
(99, 61, 32, '2020-03-04', '2020-03-12'),
(100, 41, 10, '2020-03-05', '2020-03-19'),
(101, 56, 37, '2020-03-07', '2020-03-27'),
(102, 36, 14, '2020-03-07', '2020-03-21'),
(103, 13, 16, '2020-03-08', '2020-03-26'),
(104, 10, 20, '2020-03-08', '2020-03-20'),
(105, 64, 15, '2020-03-08', '2020-03-15'),
(106, 56, 38, '2020-03-09', '2020-03-16'),
(107, 40, 34, '2020-03-09', '2020-03-25'),
(108, 54, 43, '2020-03-09', '2020-03-13'),
(109, 30, 14, '2020-03-10', '2020-03-17'),
(110, 38, 10, '2020-03-12', '2020-03-28'),
(111, 47, 7, '2020-03-12', '2020-03-15'),
(112, 57, 27, '2020-03-12', '2020-03-19'),
(113, 83, 12, '2020-03-13', '2020-03-14'),
(114, 96, 22, '2020-03-13', '2020-03-18'),
(115, 48, 7, '2020-03-13', '2020-03-14'),
(116, 81, 7, '2020-03-15', '2020-03-27'),
(117, 21, 43, '2020-03-15', '2020-03-31'),
(118, 57, 14, '2020-03-16', '2020-03-24'),
(119, 88, 13, '2020-03-16', '2020-03-22'),
(120, 87, 40, '2020-03-17', '2020-04-05'),
(121, 57, 33, '2020-03-17', '2020-04-07'),
(122, 59, 14, '2020-03-17', '2020-04-04'),
(123, 67, 32, '2020-03-17', '2020-03-30'),
(124, 42, 28, '2020-03-18', '2020-04-01'),
(125, 5, 43, '2020-03-20', '2020-03-20'),
(126, 43, 35, '2020-03-20', '2020-03-30'),
(127, 40, 37, '2020-03-20', '2020-03-28'),
(128, 90, 29, '2020-03-21', '2020-04-02'),
(129, 74, 2, '2020-03-21', '2020-04-11'),
(130, 58, 20, '2020-03-22', '2020-03-30'),
(131, 31, 13, '2020-03-22', '2020-04-01'),
(132, 47, 29, '2020-03-23', '2020-03-23'),
(133, 81, 34, '2020-03-23', '2020-04-04'),
(134, 34, 20, '2020-03-24', '2020-04-11'),
(135, 63, 44, '2020-03-24', '2020-04-08'),
(136, 33, 28, '2020-03-26', '2020-04-15'),
(137, 13, 40, '2020-03-28', '2020-04-16'),
(138, 55, 9, '2020-04-03', '2020-04-09'),
(139, 66, 4, '2020-04-05', '2020-04-19'),
(140, 59, 20, '2020-04-06', '2020-04-06'),
(141, 75, 31, '2020-04-07', '2020-04-24'),
(142, 81, 20, '2020-04-07', '2020-04-14'),
(143, 46, 9, '2020-04-09', '2020-04-20'),
(144, 32, 18, '2020-04-10', '2020-04-19'),
(145, 88, 35, '2020-04-12', '2020-04-23'),
(146, 98, 12, '2020-04-12', '2020-04-25'),
(147, 54, 17, '2020-04-13', '2020-05-02'),
(148, 17, 2, '2020-04-15', '2020-05-06'),
(149, 79, 13, '2020-04-15', '2020-05-02'),
(150, 55, 5, '2020-04-15', '2020-05-04'),
(151, 69, 30, '2020-04-15', '2020-04-29'),
(152, 18, 28, '2020-04-16', '2020-04-16'),
(153, 68, 2, '2020-04-16', '2020-04-25'),
(154, 45, 23, '2020-04-17', '2020-04-18'),
(155, 91, 35, '2020-04-17', '2020-04-19'),
(156, 30, 7, '2020-04-18', '2020-04-24'),
(157, 2, 26, '2020-04-18', '2020-05-09'),
(158, 36, 27, '2020-04-18', '2020-04-23'),
(159, 35, 42, '2020-04-19', '2020-04-26'),
(160, 80, 12, '2020-04-20', '2020-04-28'),
(161, 21, 26, '2020-04-21', '2020-05-09'),
(162, 77, 8, '2020-04-22', '2020-05-10'),
(163, 20, 16, '2020-04-22', '2020-05-05'),
(164, 51, 22, '2020-04-22', '2020-05-01'),
(165, 78, 19, '2020-04-24', '2020-05-07'),
(166, 50, 36, '2020-04-24', '2020-05-14'),
(167, 71, 40, '2020-04-26', '2020-04-28'),
(168, 11, 31, '2020-04-27', '2020-05-14'),
(169, 67, 6, '2020-04-28', '2020-05-04'),
(170, 87, 37, '2020-05-01', '2020-05-05'),
(171, 32, 35, '2020-05-02', '2020-05-09'),
(172, 6, 30, '2020-05-04', '2020-05-17'),
(173, 55, 14, '2020-05-05', '2020-05-10'),
(174, 72, 17, '2020-05-05', '2020-05-22'),
(175, 21, 14, '2020-05-06', '2020-05-08'),
(176, 17, 32, '2020-05-06', '2020-05-20'),
(177, 22, 21, '2020-05-07', '2020-05-10'),
(178, 20, 12, '2020-05-07', '2020-05-20'),
(179, 39, 17, '2020-05-08', '2020-05-18'),
(180, 45, 12, '2020-05-08', '2020-05-22'),
(181, 24, 43, '2020-05-08', '2020-05-18'),
(182, 67, 38, '2020-05-09', '2020-05-17'),
(183, 65, 14, '2020-05-10', '2020-05-22'),
(184, 79, 7, '2020-05-10', '2020-05-25'),
(185, 50, 20, '2020-05-10', '2020-05-21'),
(186, 86, 15, '2020-05-11', '2020-05-13'),
(187, 48, 19, '2020-05-11', '2020-05-11'),
(188, 17, 35, '2020-05-11', '2020-05-13'),
(189, 87, 19, '2020-05-12', '2020-05-25'),
(190, 19, 40, '2020-05-14', '2020-05-15'),
(191, 33, 9, '2020-05-14', '2020-05-31'),
(192, 63, 17, '2020-05-15', '2020-06-05'),
(193, 12, 16, '2020-05-15', '2020-05-27'),
(194, 16, 33, '2020-05-16', '2020-06-07'),
(195, 35, 9, '2020-05-18', '2020-05-26'),
(196, 48, 7, '2020-05-18', '2020-05-26'),
(197, 22, 30, '2020-05-19', '2020-05-29'),
(198, 74, 25, '2020-05-20', '2020-06-06'),
(199, 52, 38, '2020-05-20', '2020-05-29'),
(200, 29, 29, '2020-05-20', '2020-05-27'),
(201, 34, 31, '2020-05-20', '2020-06-11'),
(202, 60, 18, '2020-05-20', '2020-06-04'),
(203, 64, 16, '2020-05-21', '2020-05-22'),
(204, 14, 17, '2020-05-24', '2020-05-30'),
(205, 81, 42, '2020-05-24', '2020-06-14'),
(206, 22, 36, '2020-05-24', '2020-05-30'),
(207, 17, 16, '2020-05-24', '2020-06-13'),
(208, 95, 6, '2020-05-26', '2020-06-06'),
(209, 75, 21, '2020-05-27', '2020-06-09'),
(210, 47, 5, '2020-05-28', '2020-06-10'),
(211, 34, 21, '2020-05-28', '2020-06-06'),
(212, 5, 43, '2020-05-28', '2020-06-02'),
(213, 26, 23, '2020-06-02', '2020-06-02'),
(214, 34, 34, '2020-06-02', '2020-06-23'),
(215, 92, 19, '2020-06-03', '2020-06-19'),
(216, 34, 43, '2020-06-03', '2020-06-03'),
(217, 90, 16, '2020-06-03', '2020-06-21'),
(218, 95, 38, '2020-06-03', '2020-06-21'),
(219, 67, 16, '2020-06-03', '2020-06-11'),
(220, 54, 27, '2020-06-05', '2020-06-09'),
(221, 55, 40, '2020-06-05', '2020-06-14'),
(222, 14, 27, '2020-06-07', '2020-06-17'),
(223, 2, 36, '2020-06-08', '2020-06-22'),
(224, 79, 38, '2020-06-09', '2020-06-23'),
(225, 44, 39, '2020-06-10', '2020-06-18'),
(226, 72, 10, '2020-06-10', '2020-06-18'),
(227, 72, 41, '2020-06-10', '2020-06-22'),
(228, 46, 18, '2020-06-11', '2020-06-27'),
(229, 50, 42, '2020-06-12', '2020-07-03'),
(230, 20, 16, '2020-06-12', '2020-06-26'),
(231, 62, 33, '2020-06-13', '2020-07-01'),
(232, 18, 41, '2020-06-14', '2020-07-03'),
(233, 53, 38, '2020-06-15', '2020-07-05'),
(234, 67, 44, '2020-06-16', '2020-06-29'),
(235, 73, 9, '2020-06-17', '2020-06-27'),
(236, 23, 1, '2020-06-20', '2020-07-11'),
(237, 98, 8, '2020-06-21', '2020-07-07'),
(238, 85, 2, '2020-06-22', '2020-06-24'),
(239, 40, 19, '2020-06-22', '2020-06-27'),
(240, 31, 28, '2020-06-24', '2020-07-11'),
(241, 48, 28, '2020-06-24', '2020-07-05'),
(242, 85, 33, '2020-06-24', '2020-07-12'),
(243, 20, 38, '2020-06-25', '2020-07-10'),
(244, 22, 43, '2020-06-25', '2020-07-11'),
(245, 70, 44, '2020-06-25', '2020-06-27'),
(246, 30, 9, '2020-06-25', '2020-06-28'),
(247, 31, 43, '2020-06-25', '2020-06-26'),
(248, 49, 25, '2020-06-26', '2020-07-13'),
(249, 75, 36, '2020-06-26', '2020-06-28'),
(250, 96, 8, '2020-06-27', '2020-07-09'),
(251, 22, 21, '2020-06-28', '2020-06-29'),
(252, 10, 37, '2020-07-01', '2020-07-15'),
(253, 20, 37, '2020-07-02', '2020-07-15'),
(254, 83, 3, '2020-07-02', '2020-07-16'),
(255, 23, 26, '2020-07-03', '2020-07-04'),
(256, 93, 37, '2020-07-04', '2020-07-23'),
(257, 52, 14, '2020-07-04', '2020-07-17'),
(258, 21, 30, '2020-07-05', '2020-07-10'),
(259, 3, 4, '2020-07-05', '2020-07-26'),
(260, 14, 29, '2020-07-06', '2020-07-14'),
(261, 80, 19, '2020-07-07', '2020-07-14'),
(262, 59, 43, '2020-07-07', '2020-07-24'),
(263, 23, 1, '2020-07-07', '2020-07-13'),
(264, 5, 10, '2020-07-09', '2020-07-31'),
(265, 28, 6, '2020-07-09', '2020-07-26'),
(266, 10, 23, '2020-07-10', '2020-07-27'),
(267, 30, 3, '2020-07-10', '2020-07-21'),
(268, 58, 26, '2020-07-11', '2020-07-17'),
(269, 50, 33, '2020-07-11', '2020-07-13'),
(270, 7, 43, '2020-07-12', '2020-07-23'),
(271, 90, 40, '2020-07-13', '2020-07-27'),
(272, 20, 41, '2020-07-13', '2020-07-31'),
(273, 61, 27, '2020-07-14', '2020-07-25'),
(274, 52, 34, '2020-07-15', '2020-07-20'),
(275, 56, 17, '2020-07-15', '2020-08-02'),
(276, 75, 20, '2020-07-15', '2020-08-04'),
(277, 70, 39, '2020-07-16', '2020-07-20'),
(278, 66, 16, '2020-07-16', '2020-07-23'),
(279, 65, 3, '2020-07-16', '2020-08-02'),
(280, 42, 18, '2020-07-17', '2020-07-28'),
(281, 53, 2, '2020-07-17', '2020-07-20'),
(282, 21, 26, '2020-07-18', '2020-08-04'),
(283, 45, 21, '2020-07-18', '2020-07-25'),
(284, 65, 5, '2020-07-21', '2020-07-22'),
(285, 19, 17, '2020-07-21', '2020-08-11'),
(286, 98, 27, '2020-07-21', '2020-07-25'),
(287, 59, 32, '2020-07-21', '2020-07-24'),
(288, 33, 16, '2020-07-22', '2020-08-11'),
(289, 95, 33, '2020-07-22', '2020-08-09'),
(290, 87, 38, '2020-07-23', '2020-08-07'),
(291, 4, 19, '2020-07-25', '2020-07-28'),
(292, 87, 12, '2020-07-26', '2020-07-31'),
(293, 54, 28, '2020-07-26', '2020-08-15'),
(294, 53, 38, '2020-07-27', '2020-08-15'),
(295, 13, 10, '2020-07-27', '2020-08-01'),
(296, 6, 33, '2020-08-01', '2020-08-21'),
(297, 26, 27, '2020-08-02', '2020-08-18'),
(298, 13, 32, '2020-08-03', '2020-08-06'),
(299, 18, 21, '2020-08-03', '2020-08-15'),
(300, 48, 21, '2020-08-03', '2020-08-04'),
(301, 72, 29, '2020-08-04', '2020-08-16'),
(302, 64, 6, '2020-08-04', '2020-08-21'),
(303, 91, 15, '2020-08-05', '2020-08-22'),
(304, 57, 31, '2020-08-05', '2020-08-07'),
(305, 29, 16, '2020-08-06', '2020-08-11'),
(306, 86, 11, '2020-08-06', '2020-08-10'),
(307, 40, 3, '2020-08-06', '2020-08-20'),
(308, 92, 16, '2020-08-06', '2020-08-25'),
(309, 48, 9, '2020-08-08', '2020-08-16'),
(310, 36, 11, '2020-08-08', '2020-08-30'),
(311, 5, 27, '2020-08-08', '2020-08-25'),
(312, 73, 20, '2020-08-11', '2020-08-20'),
(313, 35, 7, '2020-08-11', '2020-08-16'),
(314, 77, 11, '2020-08-12', '2020-08-16'),
(315, 76, 19, '2020-08-13', '2020-08-25'),
(316, 15, 3, '2020-08-14', '2020-08-22'),
(317, 18, 34, '2020-08-14', '2020-08-18'),
(318, 4, 6, '2020-08-15', '2020-08-30'),
(319, 11, 15, '2020-08-17', '2020-08-21'),
(320, 81, 35, '2020-08-17', '2020-09-07'),
(321, 16, 40, '2020-08-17', '2020-08-24'),
(322, 23, 26, '2020-08-18', '2020-08-25'),
(323, 12, 5, '2020-08-18', '2020-09-02'),
(324, 99, 10, '2020-08-18', '2020-08-20'),
(325, 77, 14, '2020-08-20', '2020-08-28'),
(326, 89, 42, '2020-08-21', '2020-08-28'),
(327, 50, 31, '2020-08-21', '2020-08-27'),
(328, 18, 20, '2020-08-22', '2020-08-28'),
(329, 5, 13, '2020-08-22', '2020-09-10'),
(330, 76, 18, '2020-08-23', '2020-09-03'),
(331, 71, 3, '2020-08-23', '2020-09-12'),
(332, 77, 25, '2020-08-23', '2020-08-29'),
(333, 52, 27, '2020-08-24', '2020-08-27'),
(334, 58, 33, '2020-08-27', '2020-09-06'),
(335, 81, 36, '2020-08-28', '2020-09-07'),
(336, 62, 36, '2020-09-01', '2020-09-17'),
(337, 47, 34, '2020-09-01', '2020-09-05'),
(338, 46, 31, '2020-09-01', '2020-09-22'),
(339, 22, 2, '2020-09-01', '2020-09-08'),
(340, 88, 12, '2020-09-01', '2020-09-14'),
(341, 50, 2, '2020-09-02', '2020-09-16'),
(342, 59, 35, '2020-09-03', '2020-09-12'),
(343, 71, 22, '2020-09-04', '2020-09-19'),
(344, 58, 18, '2020-09-04', '2020-09-07'),
(345, 83, 9, '2020-09-07', '2020-09-09'),
(346, 28, 9, '2020-09-07', '2020-09-12'),
(347, 91, 37, '2020-09-08', '2020-09-22'),
(348, 2, 23, '2020-09-09', '2020-09-30'),
(349, 36, 25, '2020-09-09', '2020-09-13'),
(350, 36, 29, '2020-09-09', '2020-09-19'),
(351, 60, 29, '2020-09-10', '2020-09-22'),
(352, 2, 16, '2020-09-10', '2020-09-21'),
(353, 61, 13, '2020-09-12', '2020-09-24'),
(354, 80, 13, '2020-09-12', '2020-09-13'),
(355, 93, 27, '2020-09-13', '2020-09-21'),
(356, 5, 3, '2020-09-14', '2020-09-25'),
(357, 16, 23, '2020-09-14', '2020-10-03'),
(358, 1, 2, '2020-09-16', '2020-09-17'),
(359, 92, 6, '2020-09-18', '2020-10-04'),
(360, 23, 4, '2020-09-22', '2020-09-25'),
(361, 92, 22, '2020-09-22', '2020-10-01'),
(362, 12, 7, '2020-09-23', '2020-09-30'),
(363, 77, 41, '2020-09-23', '2020-10-12'),
(364, 6, 4, '2020-09-23', '2020-10-03'),
(365, 70, 18, '2020-09-24', '2020-10-15'),
(366, 64, 34, '2020-09-25', '2020-10-02'),
(367, 80, 28, '2020-09-26', '2020-10-17'),
(368, 66, 29, '2020-09-26', '2020-10-09'),
(369, 78, 38, '2020-09-26', '2020-10-16'),
(370, 95, 41, '2020-09-27', '2020-10-16'),
(371, 32, 13, '2020-10-01', '2020-10-08'),
(372, 61, 10, '2020-10-02', '2020-10-19'),
(373, 98, 17, '2020-10-02', '2020-10-05'),
(374, 85, 40, '2020-10-02', '2020-10-07'),
(375, 67, 8, '2020-10-02', '2020-10-21'),
(376, 16, 9, '2020-10-04', '2020-10-08'),
(377, 89, 34, '2020-10-04', '2020-10-08'),
(378, 36, 35, '2020-10-04', '2020-10-22'),
(379, 25, 3, '2020-10-05', '2020-10-10'),
(380, 21, 39, '2020-10-05', '2020-10-17'),
(381, 61, 31, '2020-10-07', '2020-10-12'),
(382, 25, 34, '2020-10-08', '2020-10-16'),
(383, 65, 39, '2020-10-09', '2020-10-28'),
(384, 83, 12, '2020-10-09', '2020-10-11'),
(385, 54, 5, '2020-10-10', '2020-10-29'),
(386, 15, 41, '2020-10-10', '2020-10-29'),
(387, 39, 37, '2020-10-11', '2020-10-14'),
(388, 99, 34, '2020-10-11', '2020-10-15'),
(389, 33, 16, '2020-10-13', '2020-11-02'),
(390, 82, 38, '2020-10-14', '2020-10-30'),
(391, 87, 39, '2020-10-15', '2020-10-25'),
(392, 31, 13, '2020-10-15', '2020-11-01'),
(393, 4, 32, '2020-10-15', '2020-11-01'),
(394, 32, 37, '2020-10-16', '2020-10-27'),
(395, 58, 36, '2020-10-16', '2020-11-01'),
(396, 42, 17, '2020-10-16', '2020-10-20'),
(397, 36, 36, '2020-10-16', '2020-10-20'),
(398, 53, 8, '2020-10-16', '2020-10-23'),
(399, 28, 42, '2020-10-17', '2020-11-02'),
(400, 27, 6, '2020-10-17', '2020-10-29'),
(401, 63, 12, '2020-10-18', '2020-10-21'),
(402, 83, 22, '2020-10-18', '2020-11-04'),
(403, 68, 19, '2020-10-19', '2020-11-06'),
(404, 15, 17, '2020-10-19', '2020-11-09'),
(405, 79, 37, '2020-10-20', '2020-10-23'),
(406, 41, 34, '2020-10-20', '2020-11-01'),
(407, 99, 1, '2020-10-20', '2020-11-10'),
(408, 82, 43, '2020-10-21', '2020-11-07'),
(409, 84, 25, '2020-10-23', '2020-11-12'),
(410, 23, 34, '2020-10-24', '2020-11-07'),
(411, 40, 1, '2020-10-26', '2020-10-27'),
(412, 33, 30, '2020-10-26', '2020-11-02'),
(413, 95, 16, '2020-10-26', '2020-11-14'),
(414, 24, 28, '2020-10-26', '2020-11-02'),
(415, 34, 18, '2020-10-27', '2020-10-29'),
(416, 18, 41, '2020-10-27', '2020-10-31'),
(417, 78, 29, '2020-10-28', '2020-11-18'),
(418, 19, 1, '2020-11-01', '2020-11-04'),
(419, 17, 21, '2020-11-01', '2020-11-23'),
(420, 58, 30, '2020-11-02', '2020-11-06'),
(421, 58, 35, '2020-11-02', '2020-11-03'),
(422, 30, 35, '2020-11-02', '2020-11-09'),
(423, 58, 35, '2020-11-03', '2020-11-13'),
(424, 42, 17, '2020-11-03', '2020-11-17'),
(425, 53, 30, '2020-11-03', '2020-11-23'),
(426, 38, 27, '2020-11-04', '2020-11-17'),
(427, 30, 8, '2020-11-04', '2020-11-04'),
(428, 87, 29, '2020-11-05', '2020-11-13'),
(429, 62, 25, '2020-11-05', '2020-11-25'),
(430, 27, 2, '2020-11-05', '2020-11-18'),
(431, 83, 22, '2020-11-06', '2020-11-28'),
(432, 12, 19, '2020-11-07', '2020-11-25'),
(433, 53, 44, '2020-11-08', '2020-11-16'),
(434, 70, 3, '2020-11-10', '2020-12-01'),
(435, 93, 14, '2020-11-10', '2020-11-28'),
(436, 43, 39, '2020-11-10', '2020-11-24'),
(437, 71, 8, '2020-11-10', '2020-11-18'),
(438, 83, 32, '2020-11-11', '2020-12-02'),
(439, 12, 14, '2020-11-11', '2020-11-13'),
(440, 17, 44, '2020-11-12', '2020-11-20'),
(441, 51, 19, '2020-11-13', '2020-11-16'),
(442, 36, 3, '2020-11-15', '2020-12-03'),
(443, 19, 38, '2020-11-15', '2020-11-24'),
(444, 51, 42, '2020-11-15', '2020-11-29'),
(445, 48, 5, '2020-11-17', '2020-12-05'),
(446, 76, 41, '2020-11-18', '2020-12-02'),
(447, 48, 31, '2020-11-18', '2020-12-07'),
(448, 36, 8, '2020-11-19', '2020-11-25'),
(449, 84, 25, '2020-11-19', '2020-12-04'),
(450, 64, 32, '2020-11-19', '2020-11-26'),
(451, 19, 30, '2020-11-19', '2020-11-23'),
(452, 9, 4, '2020-11-20', '2020-11-28'),
(453, 88, 36, '2020-11-22', '2020-12-12'),
(454, 30, 15, '2020-11-23', '2020-12-08'),
(455, 71, 16, '2020-11-23', '2020-12-05'),
(456, 27, 43, '2020-11-24', '2020-12-15'),
(457, 82, 5, '2020-11-26', '2020-12-01'),
(458, 61, 3, '2020-11-27', '2020-12-07'),
(459, 71, 34, '2020-11-28', '2020-12-04'),
(460, 27, 27, '2020-11-28', '2020-12-08'),
(461, 89, 23, '2020-11-28', '2020-12-12'),
(462, 27, 19, '2021-01-01', '2021-01-08'),
(463, 74, 36, '2021-01-01', '2021-01-12'),
(464, 13, 3, '2021-01-02', '2021-01-16'),
(465, 50, 37, '2021-01-02', '2021-01-08'),
(466, 2, 31, '2021-01-02', '2021-01-20'),
(467, 46, 41, '2021-01-02', '2021-01-03'),
(468, 10, 41, '2021-01-04', '2021-01-05'),
(469, 66, 1, '2021-01-04', '2021-01-10'),
(470, 23, 17, '2021-01-06', '2021-01-18'),
(471, 2, 5, '2021-01-10', '2021-01-30'),
(472, 13, 25, '2021-01-10', '2021-01-22'),
(473, 50, 14, '2021-01-11', '2021-01-29'),
(474, 35, 15, '2021-01-13', '2021-02-02'),
(475, 62, 15, '2021-01-14', '2021-01-16'),
(476, 25, 11, '2021-01-15', '2021-01-23'),
(477, 85, 9, '2021-01-16', '2021-01-23'),
(478, 19, 15, '2021-01-16', '2021-01-22'),
(479, 34, 34, '2021-01-17', '2021-01-29'),
(480, 91, 13, '2021-01-17', '2021-01-25'),
(481, 58, 30, '2021-01-17', '2021-02-04'),
(482, 26, 42, '2021-01-19', '2021-01-19'),
(483, 91, 30, '2021-01-19', '2021-01-24'),
(484, 36, 19, '2021-01-20', '2021-01-24'),
(485, 49, 23, '2021-01-20', '2021-01-22'),
(486, 14, 13, '2021-01-21', '2021-02-03'),
(487, 45, 28, '2021-01-21', '2021-01-30'),
(488, 16, 10, '2021-01-21', '2021-01-25'),
(489, 22, 24, '2021-01-22', '2021-01-24'),
(490, 81, 14, '2021-01-23', '2021-01-26'),
(491, 5, 43, '2021-01-23', '2021-02-10'),
(492, 51, 23, '2021-01-23', '2021-02-08'),
(493, 24, 15, '2021-01-25', '2021-02-06'),
(494, 12, 11, '2021-01-25', '2021-02-06'),
(495, 48, 33, '2021-01-26', '2021-02-04'),
(496, 79, 44, '2021-01-26', '2021-02-02'),
(497, 66, 33, '2021-01-27', '2021-02-17'),
(498, 45, 44, '2021-01-27', '2021-02-02'),
(499, 35, 38, '2021-01-28', '2021-02-03'),
(500, 64, 5, '2021-02-02', '2021-02-16'),
(501, 3, 9, '2021-02-02', '2021-02-06'),
(502, 54, 28, '2021-02-02', '2021-02-02'),
(503, 28, 11, '2021-02-03', '2021-02-11'),
(504, 63, 32, '2021-02-03', '2021-02-11'),
(505, 92, 26, '2021-02-03', '2021-02-03'),
(506, 51, 5, '2021-02-04', '2021-02-20'),
(507, 64, 25, '2021-02-05', '2021-02-15'),
(508, 18, 42, '2021-02-05', '2021-02-24'),
(509, 36, 5, '2021-02-08', '2021-02-21'),
(510, 31, 38, '2021-02-08', '2021-02-25'),
(511, 89, 31, '2021-02-08', '2021-02-12'),
(512, 29, 16, '2021-02-09', '2021-02-09'),
(513, 2, 37, '2021-02-10', '2021-02-25'),
(514, 47, 28, '2021-02-11', '2021-03-05'),
(515, 46, 35, '2021-02-12', '2021-03-03'),
(516, 95, 2, '2021-02-14', '2021-02-25'),
(517, 83, 2, '2021-02-14', '2021-02-21'),
(518, 16, 5, '2021-02-14', '2021-02-16'),
(519, 51, 25, '2021-02-15', '2021-03-06'),
(520, 75, 37, '2021-02-15', '2021-03-01'),
(521, 42, 41, '2021-02-15', '2021-03-03'),
(522, 81, 39, '2021-02-16', '2021-02-18'),
(523, 29, 38, '2021-02-17', '2021-03-03'),
(524, 16, 1, '2021-02-17', '2021-02-27'),
(525, 81, 5, '2021-02-17', '2021-03-05'),
(526, 50, 29, '2021-02-18', '2021-02-25'),
(527, 66, 15, '2021-02-18', '2021-03-06'),
(528, 9, 28, '2021-02-18', '2021-02-18'),
(529, 11, 38, '2021-02-18', '2021-03-07'),
(530, 15, 40, '2021-02-19', '2021-03-08'),
(531, 1, 5, '2021-02-20', '2021-03-09'),
(532, 61, 17, '2021-02-20', '2021-03-09'),
(533, 89, 19, '2021-02-20', '2021-02-21'),
(534, 79, 16, '2021-02-21', '2021-02-23'),
(535, 34, 22, '2021-02-22', '2021-03-06'),
(536, 97, 30, '2021-02-23', '2021-03-16'),
(537, 71, 18, '2021-02-23', '2021-02-25'),
(538, 37, 23, '2021-02-24', '2021-03-09'),
(539, 10, 13, '2021-02-24', '2021-03-14'),
(540, 94, 16, '2021-02-24', '2021-02-28'),
(541, 97, 25, '2021-02-25', '2021-03-10'),
(542, 78, 23, '2021-02-26', '2021-03-09'),
(543, 97, 39, '2021-02-27', '2021-03-14'),
(544, 54, 10, '2021-02-27', '2021-03-08'),
(545, 74, 29, '2021-02-27', '2021-03-20'),
(546, 26, 12, '2021-03-01', '2021-03-01'),
(547, 35, 24, '2021-03-02', '2021-03-14'),
(548, 76, 5, '2021-03-02', '2021-03-23'),
(549, 10, 30, '2021-03-03', '2021-03-11'),
(550, 71, 17, '2021-03-03', '2021-03-19'),
(551, 42, 3, '2021-03-05', '2021-03-08'),
(552, 6, 12, '2021-03-05', '2021-03-09'),
(553, 68, 24, '2021-03-06', '2021-03-06'),
(554, 5, 28, '2021-03-07', '2021-03-16'),
(555, 92, 27, '2021-03-10', '2021-03-23'),
(556, 51, 42, '2021-03-10', '2021-03-19'),
(557, 57, 5, '2021-03-10', '2021-03-14'),
(558, 73, 16, '2021-03-11', '2021-03-30'),
(559, 4, 42, '2021-03-11', '2021-03-19'),
(560, 67, 17, '2021-03-12', '2021-03-21'),
(561, 87, 42, '2021-03-12', '2021-03-13'),
(562, 98, 4, '2021-03-12', '2021-03-29'),
(563, 61, 2, '2021-03-13', '2021-03-25'),
(564, 94, 32, '2021-03-13', '2021-04-04'),
(565, 38, 31, '2021-03-13', '2021-03-17'),
(566, 1, 11, '2021-03-15', '2021-04-04'),
(567, 43, 42, '2021-03-16', '2021-03-20'),
(568, 18, 41, '2021-03-16', '2021-03-30'),
(569, 5, 29, '2021-03-16', '2021-03-19'),
(570, 72, 26, '2021-03-16', '2021-03-23'),
(571, 41, 33, '2021-03-16', '2021-03-17'),
(572, 11, 2, '2021-03-17', '2021-04-07'),
(573, 85, 15, '2021-03-18', '2021-04-06'),
(574, 68, 9, '2021-03-18', '2021-03-20'),
(575, 34, 17, '2021-03-19', '2021-04-04'),
(576, 69, 18, '2021-03-19', '2021-03-31'),
(577, 23, 2, '2021-03-21', '2021-03-29'),
(578, 89, 11, '2021-03-21', '2021-03-29'),
(579, 59, 15, '2021-03-22', '2021-03-23'),
(580, 81, 28, '2021-03-22', '2021-03-24'),
(581, 70, 19, '2021-03-22', '2021-04-08'),
(582, 34, 28, '2021-03-23', '2021-03-28'),
(583, 10, 25, '2021-03-23', '2021-03-30'),
(584, 81, 34, '2021-03-23', '2021-04-09'),
(585, 73, 29, '2021-03-27', '2021-03-31'),
(586, 17, 16, '2021-03-27', '2021-04-12'),
(587, 44, 32, '2021-03-27', '2021-04-04'),
(588, 7, 2, '2021-03-28', '2021-04-01'),
(589, 46, 38, '2021-04-01', '2021-04-14'),
(590, 39, 2, '2021-04-02', '2021-04-06'),
(591, 44, 25, '2021-04-03', '2021-04-19'),
(592, 62, 28, '2021-04-04', '2021-04-05'),
(593, 97, 43, '2021-04-05', '2021-04-12'),
(594, 28, 11, '2021-04-06', '2021-04-17'),
(595, 51, 32, '2021-04-09', '2021-04-20'),
(596, 79, 5, '2021-04-09', '2021-04-09'),
(597, 94, 27, '2021-04-11', '2021-04-11'),
(598, 23, 4, '2021-04-11', '2021-04-13'),
(599, 6, 13, '2021-04-11', '2021-04-26'),
(600, 93, 41, '2021-04-11', '2021-04-23'),
(601, 86, 37, '2021-04-13', '2021-04-29'),
(602, 69, 20, '2021-04-15', '2021-04-30'),
(603, 9, 39, '2021-04-15', '2021-05-02'),
(604, 57, 18, '2021-04-16', '2021-04-18'),
(605, 82, 40, '2021-04-16', '2021-04-27'),
(606, 11, 14, '2021-04-16', '2021-04-26'),
(607, 69, 42, '2021-04-16', '2021-05-07'),
(608, 69, 29, '2021-04-17', '2021-04-29'),
(609, 28, 38, '2021-04-18', '2021-04-25'),
(610, 46, 38, '2021-04-18', '2021-05-09'),
(611, 1, 32, '2021-04-18', '2021-05-09'),
(612, 91, 3, '2021-04-19', '2021-04-26'),
(613, 15, 35, '2021-04-19', '2021-04-23'),
(614, 11, 4, '2021-04-19', '2021-04-26'),
(615, 83, 32, '2021-04-20', '2021-04-27'),
(616, 10, 5, '2021-04-20', '2021-04-21'),
(617, 71, 31, '2021-04-20', '2021-04-23'),
(618, 30, 34, '2021-04-20', '2021-05-09'),
(619, 97, 44, '2021-04-21', '2021-05-01'),
(620, 24, 5, '2021-04-21', '2021-05-10'),
(621, 25, 32, '2021-04-22', '2021-05-13'),
(622, 35, 1, '2021-04-22', '2021-05-01'),
(623, 60, 18, '2021-04-24', '2021-05-12'),
(624, 1, 36, '2021-04-24', '2021-05-06'),
(625, 22, 38, '2021-04-24', '2021-05-02'),
(626, 2, 29, '2021-04-25', '2021-04-29'),
(627, 64, 22, '2021-04-28', '2021-05-06'),
(628, 14, 2, '2021-04-28', '2021-05-18'),
(629, 68, 37, '2021-05-02', '2021-05-09'),
(630, 88, 24, '2021-05-02', '2021-05-12'),
(631, 24, 41, '2021-05-03', '2021-05-21'),
(632, 67, 13, '2021-05-03', '2021-05-20'),
(633, 29, 27, '2021-05-03', '2021-05-10'),
(634, 96, 6, '2021-05-03', '2021-05-06'),
(635, 3, 11, '2021-05-04', '2021-05-09'),
(636, 42, 3, '2021-05-05', '2021-05-23'),
(637, 53, 38, '2021-05-05', '2021-05-17'),
(638, 53, 38, '2021-05-06', '2021-05-19'),
(639, 96, 7, '2021-05-08', '2021-05-23'),
(640, 45, 43, '2021-05-08', '2021-05-20'),
(641, 9, 27, '2021-05-10', '2021-05-29'),
(642, 18, 39, '2021-05-11', '2021-06-02'),
(643, 91, 33, '2021-05-11', '2021-05-29'),
(644, 71, 41, '2021-05-11', '2021-05-19'),
(645, 47, 9, '2021-05-12', '2021-05-26'),
(646, 81, 8, '2021-05-12', '2021-05-28'),
(647, 89, 37, '2021-05-14', '2021-05-23'),
(648, 53, 11, '2021-05-15', '2021-05-18'),
(649, 92, 39, '2021-05-15', '2021-05-26'),
(650, 61, 33, '2021-05-16', '2021-05-27'),
(651, 67, 38, '2021-05-16', '2021-05-21'),
(652, 35, 8, '2021-05-17', '2021-05-21'),
(653, 92, 24, '2021-05-17', '2021-05-30'),
(654, 98, 14, '2021-05-17', '2021-06-04'),
(655, 78, 33, '2021-05-18', '2021-05-31'),
(656, 48, 33, '2021-05-19', '2021-06-05'),
(657, 45, 21, '2021-05-20', '2021-05-23'),
(658, 61, 9, '2021-05-21', '2021-06-05'),
(659, 73, 38, '2021-05-21', '2021-06-06'),
(660, 55, 11, '2021-05-22', '2021-06-07'),
(661, 29, 14, '2021-05-22', '2021-06-11'),
(662, 53, 23, '2021-05-22', '2021-05-31'),
(663, 99, 24, '2021-05-23', '2021-06-07'),
(664, 80, 19, '2021-05-24', '2021-05-24'),
(665, 90, 44, '2021-05-24', '2021-06-13'),
(666, 55, 40, '2021-05-24', '2021-06-09'),
(667, 46, 29, '2021-05-24', '2021-05-30'),
(668, 4, 8, '2021-05-25', '2021-05-27'),
(669, 28, 26, '2021-05-27', '2021-06-18'),
(670, 86, 28, '2021-05-27', '2021-06-16'),
(671, 1, 38, '2021-05-27', '2021-06-14'),
(672, 63, 2, '2021-05-28', '2021-06-12'),
(673, 86, 22, '2021-05-28', '2021-05-30'),
(674, 54, 38, '2021-06-01', '2021-06-15'),
(675, 87, 3, '2021-06-01', '2021-06-02'),
(676, 6, 21, '2021-06-01', '2021-06-10'),
(677, 82, 27, '2021-06-02', '2021-06-22'),
(678, 73, 42, '2021-06-03', '2021-06-12'),
(679, 66, 30, '2021-06-03', '2021-06-07'),
(680, 86, 15, '2021-06-03', '2021-06-11'),
(681, 76, 16, '2021-06-04', '2021-06-13'),
(682, 76, 42, '2021-06-04', '2021-06-24'),
(683, 83, 27, '2021-06-04', '2021-06-10'),
(684, 58, 7, '2021-06-04', '2021-06-05'),
(685, 83, 1, '2021-06-05', '2021-06-27'),
(686, 69, 4, '2021-06-05', '2021-06-08'),
(687, 8, 34, '2021-06-05', '2021-06-26'),
(688, 68, 13, '2021-06-07', '2021-06-23'),
(689, 2, 28, '2021-06-09', '2021-06-15'),
(690, 88, 11, '2021-06-09', '2021-06-17'),
(691, 95, 10, '2021-06-09', '2021-06-13'),
(692, 38, 19, '2021-06-10', '2021-06-26'),
(693, 79, 14, '2021-06-11', '2021-06-27'),
(694, 30, 4, '2021-06-11', '2021-06-29'),
(695, 4, 30, '2021-06-11', '2021-06-24'),
(696, 54, 17, '2021-06-11', '2021-06-23'),
(697, 64, 18, '2021-06-11', '2021-06-27'),
(698, 79, 28, '2021-06-12', '2021-06-14'),
(699, 32, 39, '2021-06-14', '2021-07-02'),
(700, 38, 44, '2021-06-14', '2021-06-20'),
(701, 5, 35, '2021-06-15', '2021-07-05'),
(702, 35, 42, '2021-06-16', '2021-06-30'),
(703, 26, 36, '2021-06-17', '2021-07-03'),
(704, 42, 33, '2021-06-17', '2021-07-08'),
(705, 38, 18, '2021-06-17', '2021-06-28'),
(706, 29, 16, '2021-06-18', '2021-06-27'),
(707, 23, 7, '2021-06-19', '2021-06-30'),
(708, 76, 16, '2021-06-19', '2021-06-30'),
(709, 18, 30, '2021-06-21', '2021-06-30'),
(710, 23, 40, '2021-06-22', '2021-06-26'),
(711, 63, 21, '2021-06-22', '2021-06-28'),
(712, 28, 22, '2021-06-22', '2021-07-02'),
(713, 2, 11, '2021-06-22', '2021-07-03'),
(714, 27, 12, '2021-06-24', '2021-07-14'),
(715, 45, 16, '2021-06-24', '2021-07-09'),
(716, 95, 16, '2021-06-27', '2021-07-11'),
(717, 54, 25, '2021-06-27', '2021-07-10'),
(718, 69, 8, '2021-06-27', '2021-07-11'),
(719, 11, 8, '2021-06-27', '2021-07-02'),
(720, 76, 15, '2021-06-28', '2021-07-05'),
(721, 75, 9, '2021-07-01', '2021-07-14'),
(722, 28, 21, '2021-07-02', '2021-07-04'),
(723, 13, 40, '2021-07-03', '2021-07-25'),
(724, 69, 36, '2021-07-04', '2021-07-14'),
(725, 54, 44, '2021-07-04', '2021-07-13'),
(726, 16, 28, '2021-07-05', '2021-07-16'),
(727, 35, 26, '2021-07-05', '2021-07-09'),
(728, 81, 7, '2021-07-06', '2021-07-07'),
(729, 34, 22, '2021-07-06', '2021-07-20'),
(730, 5, 18, '2021-07-07', '2021-07-12'),
(731, 20, 39, '2021-07-09', '2021-07-23'),
(732, 90, 39, '2021-07-10', '2021-07-17'),
(733, 69, 34, '2021-07-10', '2021-07-12'),
(734, 35, 13, '2021-07-10', '2021-07-27'),
(735, 17, 43, '2021-07-12', '2021-07-21'),
(736, 8, 31, '2021-07-14', '2021-07-28'),
(737, 73, 42, '2021-07-15', '2021-08-05'),
(738, 75, 29, '2021-07-15', '2021-07-23'),
(739, 49, 17, '2021-07-17', '2021-08-06'),
(740, 24, 15, '2021-07-17', '2021-07-31'),
(741, 18, 5, '2021-07-18', '2021-07-30'),
(742, 39, 28, '2021-07-20', '2021-07-23'),
(743, 8, 35, '2021-07-20', '2021-08-09'),
(744, 16, 2, '2021-07-22', '2021-07-28'),
(745, 25, 19, '2021-07-22', '2021-07-30'),
(746, 30, 28, '2021-07-22', '2021-08-04'),
(747, 65, 19, '2021-07-22', '2021-08-11'),
(748, 41, 15, '2021-07-23', '2021-08-05'),
(749, 13, 39, '2021-07-23', '2021-08-12'),
(750, 21, 32, '2021-07-23', '2021-08-08'),
(751, 52, 30, '2021-07-24', '2021-08-14'),
(752, 40, 42, '2021-07-24', '2021-08-10'),
(753, 25, 21, '2021-07-24', '2021-07-26'),
(754, 64, 32, '2021-07-25', '2021-08-12'),
(755, 54, 40, '2021-07-25', '2021-07-25'),
(756, 11, 26, '2021-07-25', '2021-08-12'),
(757, 4, 42, '2021-07-27', '2021-08-04'),
(758, 95, 5, '2021-07-27', '2021-08-16'),
(759, 69, 3, '2021-07-28', '2021-08-15'),
(760, 95, 28, '2021-08-02', '2021-08-22'),
(761, 58, 44, '2021-08-02', '2021-08-15'),
(762, 15, 28, '2021-08-03', '2021-08-12'),
(763, 95, 9, '2021-08-03', '2021-08-20'),
(764, 39, 14, '2021-08-04', '2021-08-23'),
(765, 47, 1, '2021-08-04', '2021-08-08'),
(766, 82, 18, '2021-08-05', '2021-08-21'),
(767, 8, 43, '2021-08-06', '2021-08-07'),
(768, 64, 8, '2021-08-07', '2021-08-28'),
(769, 91, 5, '2021-08-07', '2021-08-13'),
(770, 70, 34, '2021-08-08', '2021-08-12'),
(771, 53, 29, '2021-08-09', '2021-08-31'),
(772, 39, 21, '2021-08-11', '2021-08-25'),
(773, 54, 14, '2021-08-11', '2021-08-11'),
(774, 9, 9, '2021-08-11', '2021-08-16'),
(775, 46, 37, '2021-08-13', '2021-09-01'),
(776, 21, 32, '2021-08-14', '2021-08-18'),
(777, 69, 30, '2021-08-16', '2021-08-19'),
(778, 64, 33, '2021-08-16', '2021-08-29'),
(779, 54, 28, '2021-08-18', '2021-09-05'),
(780, 47, 18, '2021-08-19', '2021-09-05'),
(781, 16, 28, '2021-08-19', '2021-09-09'),
(782, 5, 25, '2021-08-19', '2021-08-24'),
(783, 90, 3, '2021-08-19', '2021-09-09'),
(784, 75, 18, '2021-08-21', '2021-09-06'),
(785, 9, 39, '2021-08-22', '2021-09-01'),
(786, 8, 39, '2021-08-23', '2021-08-25'),
(787, 14, 1, '2021-08-23', '2021-09-11'),
(788, 53, 25, '2021-08-24', '2021-08-26'),
(789, 18, 1, '2021-08-24', '2021-08-31'),
(790, 44, 27, '2021-08-26', '2021-09-08'),
(791, 87, 41, '2021-08-27', '2021-09-12'),
(792, 30, 34, '2021-08-27', '2021-09-11'),
(793, 92, 30, '2021-08-27', '2021-08-30'),
(794, 87, 23, '2021-08-28', '2021-08-28'),
(795, 30, 16, '2021-08-28', '2021-09-04'),
(796, 76, 33, '2021-08-28', '2021-09-15'),
(797, 70, 21, '2021-09-01', '2021-09-02'),
(798, 6, 4, '2021-09-03', '2021-09-18'),
(799, 34, 36, '2021-09-03', '2021-09-15'),
(800, 20, 12, '2021-09-03', '2021-09-23'),
(801, 21, 18, '2021-09-04', '2021-09-21'),
(802, 96, 3, '2021-09-05', '2021-09-17'),
(803, 35, 16, '2021-09-05', '2021-09-09'),
(804, 15, 5, '2021-09-07', '2021-09-07'),
(805, 25, 29, '2021-09-07', '2021-09-27'),
(806, 96, 2, '2021-09-08', '2021-09-14'),
(807, 98, 10, '2021-09-08', '2021-09-27'),
(808, 85, 32, '2021-09-09', '2021-09-15'),
(809, 61, 41, '2021-09-09', '2021-09-16'),
(810, 78, 18, '2021-09-09', '2021-09-23'),
(811, 96, 10, '2021-09-11', '2021-09-16'),
(812, 84, 12, '2021-09-14', '2021-10-05'),
(813, 87, 29, '2021-09-14', '2021-09-26'),
(814, 45, 34, '2021-09-14', '2021-09-15'),
(815, 68, 4, '2021-09-14', '2021-09-22'),
(816, 2, 7, '2021-09-15', '2021-10-02'),
(817, 37, 33, '2021-09-16', '2021-09-19'),
(818, 37, 7, '2021-09-16', '2021-09-30'),
(819, 45, 4, '2021-09-17', '2021-09-26'),
(820, 10, 32, '2021-09-17', '2021-09-24'),
(821, 3, 36, '2021-09-18', '2021-10-07'),
(822, 35, 18, '2021-09-18', '2021-09-21'),
(823, 39, 34, '2021-09-18', '2021-10-07'),
(824, 83, 6, '2021-09-18', '2021-10-01'),
(825, 47, 13, '2021-09-19', '2021-10-01'),
(826, 75, 38, '2021-09-19', '2021-09-26'),
(827, 2, 30, '2021-09-19', '2021-10-08'),
(828, 34, 5, '2021-09-20', '2021-09-25'),
(829, 27, 29, '2021-09-24', '2021-09-25'),
(830, 65, 35, '2021-09-25', '2021-09-28'),
(831, 7, 19, '2021-09-25', '2021-10-07'),
(832, 69, 36, '2021-09-26', '2021-10-13'),
(833, 59, 27, '2021-09-27', '2021-10-01'),
(834, 99, 42, '2021-09-28', '2021-10-07'),
(835, 4, 42, '2021-09-28', '2021-10-15'),
(836, 21, 30, '2021-09-28', '2021-10-15'),
(837, 25, 19, '2021-10-01', '2021-10-07'),
(838, 88, 3, '2021-10-02', '2021-10-02'),
(839, 9, 12, '2021-10-03', '2021-10-17'),
(840, 39, 30, '2021-10-03', '2021-10-21'),
(841, 71, 30, '2021-10-04', '2021-10-20'),
(842, 24, 3, '2021-10-05', '2021-10-08'),
(843, 78, 12, '2021-10-07', '2021-10-12'),
(844, 38, 38, '2021-10-10', '2021-10-17'),
(845, 47, 32, '2021-10-11', '2021-10-13'),
(846, 66, 36, '2021-10-11', '2021-10-15'),
(847, 4, 33, '2021-10-11', '2021-10-27'),
(848, 50, 8, '2021-10-12', '2021-10-13'),
(849, 79, 32, '2021-10-12', '2021-10-24'),
(850, 53, 7, '2021-10-12', '2021-10-31'),
(851, 21, 39, '2021-10-12', '2021-10-30'),
(852, 50, 21, '2021-10-13', '2021-10-23'),
(853, 40, 12, '2021-10-13', '2021-10-22'),
(854, 72, 14, '2021-10-14', '2021-10-28'),
(855, 95, 38, '2021-10-15', '2021-11-03'),
(856, 22, 21, '2021-10-15', '2021-10-15'),
(857, 45, 38, '2021-10-17', '2021-10-19'),
(858, 91, 10, '2021-10-17', '2021-10-18'),
(859, 51, 14, '2021-10-18', '2021-10-20'),
(860, 99, 38, '2021-10-18', '2021-10-27'),
(861, 44, 24, '2021-10-19', '2021-10-31'),
(862, 47, 21, '2021-10-20', '2021-11-10'),
(863, 72, 12, '2021-10-21', '2021-11-12'),
(864, 43, 42, '2021-10-21', '2021-11-02'),
(865, 8, 19, '2021-10-22', '2021-10-25'),
(866, 38, 25, '2021-10-23', '2021-11-06'),
(867, 92, 27, '2021-10-23', '2021-11-03'),
(868, 48, 17, '2021-10-23', '2021-11-03'),
(869, 4, 25, '2021-10-24', '2021-10-29'),
(870, 55, 7, '2021-10-25', '2021-10-31'),
(871, 60, 28, '2021-10-27', '2021-10-29'),
(872, 88, 37, '2021-10-27', '2021-11-15'),
(873, 35, 24, '2021-10-27', '2021-11-08'),
(874, 48, 16, '2021-10-28', '2021-11-09'),
(875, 35, 16, '2021-10-28', '2021-11-02'),
(876, 8, 26, '2021-10-28', '2021-11-05'),
(877, 45, 39, '2021-11-01', '2021-11-18'),
(878, 68, 21, '2021-11-02', '2021-11-14'),
(879, 20, 42, '2021-11-03', '2021-11-14'),
(880, 24, 33, '2021-11-04', '2021-11-16'),
(881, 90, 27, '2021-11-04', '2021-11-05'),
(882, 27, 6, '2021-11-05', '2021-11-14'),
(883, 2, 30, '2021-11-07', '2021-11-17'),
(884, 15, 13, '2021-11-08', '2021-11-11'),
(885, 81, 3, '2021-11-09', '2021-12-01'),
(886, 91, 18, '2021-11-10', '2021-11-28'),
(887, 9, 25, '2021-11-10', '2021-11-27'),
(888, 18, 38, '2021-11-11', '2021-11-14'),
(889, 66, 35, '2021-11-11', '2021-12-03'),
(890, 77, 7, '2021-11-12', '2021-11-30'),
(891, 34, 35, '2021-11-12', '2021-11-18'),
(892, 8, 36, '2021-11-12', '2021-12-04'),
(893, 82, 10, '2021-11-13', '2021-11-16'),
(894, 28, 12, '2021-11-13', '2021-11-30'),
(895, 86, 44, '2021-11-13', '2021-11-28'),
(896, 28, 13, '2021-11-14', '2021-11-24'),
(897, 73, 2, '2021-11-15', '2021-12-01'),
(898, 69, 4, '2021-11-16', '2021-11-26'),
(899, 54, 32, '2021-11-17', '2021-12-05'),
(900, 48, 36, '2021-11-17', '2021-11-21'),
(901, 62, 15, '2021-11-18', '2021-12-01'),
(902, 9, 1, '2021-11-18', '2021-11-25'),
(903, 44, 27, '2021-11-19', '2021-12-10'),
(904, 28, 34, '2021-11-19', '2021-11-21'),
(905, 13, 35, '2021-11-19', '2021-11-27'),
(906, 98, 40, '2021-11-19', '2021-12-03'),
(907, 91, 6, '2021-11-19', '2021-11-30'),
(908, 72, 36, '2021-11-20', '2021-11-27'),
(909, 61, 31, '2021-11-20', '2021-12-03'),
(910, 90, 8, '2021-11-20', '2021-11-25'),
(911, 65, 41, '2021-11-21', '2021-12-06'),
(912, 70, 13, '2021-11-21', '2021-12-06'),
(913, 34, 42, '2021-11-22', '2021-12-14'),
(914, 39, 19, '2021-11-22', '2021-11-23'),
(915, 52, 6, '2021-11-23', '2021-12-12'),
(916, 17, 9, '2021-11-23', '2021-12-13'),
(917, 77, 44, '2021-11-24', '2021-11-28'),
(918, 9, 9, '2021-11-25', '2021-12-07'),
(919, 36, 8, '2021-11-27', '2021-12-13'),
(920, 45, 33, '2021-11-28', '2021-12-14'),
(921, 16, 8, '2021-11-28', '2021-12-11'),
(922, 26, 35, '2022-01-01', '2022-01-13'),
(923, 68, 27, '2022-01-02', '2022-01-14'),
(924, 5, 5, '2022-01-02', '2022-01-16'),
(925, 45, 9, '2022-01-02', '2022-01-20'),
(926, 52, 38, '2022-01-04', '2022-01-08'),
(927, 39, 25, '2022-01-06', '2022-01-07'),
(928, 11, 39, '2022-01-06', '2022-01-19'),
(929, 7, 1, '2022-01-06', '2022-01-07'),
(930, 29, 21, '2022-01-06', '2022-01-25'),
(931, 59, 12, '2022-01-06', '2022-01-24'),
(932, 87, 37, '2022-01-07', '2022-01-08'),
(933, 39, 42, '2022-01-08', '2022-01-29'),
(934, 40, 18, '2022-01-09', '2022-01-20'),
(935, 64, 18, '2022-01-10', '2022-01-28'),
(936, 51, 28, '2022-01-10', '2022-01-13'),
(937, 17, 40, '2022-01-10', '2022-01-22'),
(938, 63, 44, '2022-01-10', '2022-01-23'),
(939, 21, 5, '2022-01-11', '2022-01-19'),
(940, 25, 22, '2022-01-11', '2022-01-14'),
(941, 70, 41, '2022-01-11', '2022-01-14'),
(942, 46, 7, '2022-01-12', '2022-01-30'),
(943, 15, 38, '2022-01-12', '2022-01-24'),
(944, 69, 21, '2022-01-13', '2022-01-17'),
(945, 10, 31, '2022-01-14', '2022-01-27'),
(946, 78, 14, '2022-01-14', '2022-01-18'),
(947, 3, 17, '2022-01-14', '2022-01-20'),
(948, 73, 36, '2022-01-15', '2022-02-05'),
(949, 21, 18, '2022-01-15', '2022-02-03'),
(950, 8, 38, '2022-01-16', '2022-01-31'),
(951, 51, 8, '2022-01-16', '2022-01-27'),
(952, 92, 30, '2022-01-18', '2022-01-28'),
(953, 57, 13, '2022-01-18', '2022-01-29'),
(954, 66, 41, '2022-01-18', '2022-02-02'),
(955, 59, 24, '2022-01-18', '2022-02-04'),
(956, 99, 29, '2022-01-18', '2022-01-27'),
(957, 48, 44, '2022-01-19', '2022-02-05'),
(958, 62, 13, '2022-01-19', '2022-01-29'),
(959, 71, 27, '2022-01-20', '2022-02-06'),
(960, 94, 39, '2022-01-20', '2022-01-25'),
(961, 79, 17, '2022-01-21', '2022-02-01'),
(962, 54, 35, '2022-01-22', '2022-02-03'),
(963, 11, 20, '2022-01-25', '2022-01-25'),
(964, 56, 21, '2022-01-25', '2022-01-26'),
(965, 51, 25, '2022-01-26', '2022-02-16'),
(966, 59, 23, '2022-01-27', '2022-02-14'),
(967, 87, 29, '2022-01-27', '2022-01-30'),
(968, 59, 28, '2022-01-27', '2022-01-30'),
(969, 34, 7, '2022-01-27', '2022-02-01'),
(970, 63, 7, '2022-01-27', '2022-01-29'),
(971, 84, 28, '2022-01-28', '2022-02-02'),
(972, 17, 21, '2022-02-01', '2022-02-21'),
(973, 39, 9, '2022-02-03', '2022-02-18'),
(974, 70, 24, '2022-02-05', '2022-02-21'),
(975, 36, 27, '2022-02-05', '2022-02-12'),
(976, 36, 39, '2022-02-06', '2022-02-07'),
(977, 74, 44, '2022-02-06', '2022-02-26'),
(978, 88, 32, '2022-02-06', '2022-02-22'),
(979, 51, 33, '2022-02-07', '2022-02-23'),
(980, 79, 19, '2022-02-07', '2022-02-26'),
(981, 86, 33, '2022-02-08', '2022-02-28'),
(982, 16, 39, '2022-02-09', '2022-02-26'),
(983, 29, 6, '2022-02-11', '2022-02-23'),
(984, 32, 43, '2022-02-13', '2022-03-04'),
(985, 95, 2, '2022-02-14', '2022-03-03'),
(986, 82, 33, '2022-02-14', '2022-02-21'),
(987, 97, 39, '2022-02-14', '2022-02-19'),
(988, 89, 7, '2022-02-15', '2022-02-17'),
(989, 40, 12, '2022-02-16', '2022-02-25'),
(990, 95, 32, '2022-02-17', '2022-02-28'),
(991, 99, 13, '2022-02-18', '2022-03-01'),
(992, 67, 38, '2022-02-19', '2022-02-28'),
(993, 82, 26, '2022-02-22', '2022-03-14'),
(994, 65, 34, '2022-02-23', '2022-03-14'),
(995, 66, 31, '2022-02-24', '2022-02-24'),
(996, 30, 11, '2022-02-26', '2022-03-08'),
(997, 7, 18, '2022-02-27', '2022-03-05'),
(998, 85, 22, '2022-02-28', '2022-03-19'),
(999, 83, 42, '2022-02-28', '2022-03-18'),
(1000, 84, 42, '2022-02-28', '2022-03-15'),
(1001, 20, 40, '2022-02-28', '2022-03-01'),
(1002, 26, 7, '2022-02-28', '2022-03-12'),
(1003, 23, 18, '2022-03-01', '2022-03-11'),
(1004, 26, 39, '2022-03-01', '2022-03-17'),
(1005, 60, 3, '2022-03-02', '2022-03-24'),
(1006, 37, 31, '2022-03-03', '2022-03-04'),
(1007, 97, 12, '2022-03-03', '2022-03-17'),
(1008, 6, 31, '2022-03-03', '2022-03-21'),
(1009, 87, 37, '2022-03-04', '2022-03-15'),
(1010, 80, 28, '2022-03-06', '2022-03-08'),
(1011, 93, 19, '2022-03-07', '2022-03-20'),
(1012, 47, 36, '2022-03-07', '2022-03-10'),
(1013, 88, 19, '2022-03-07', '2022-03-28'),
(1014, 87, 26, '2022-03-07', '2022-03-24'),
(1015, 28, 3, '2022-03-07', '2022-03-24'),
(1016, 92, 18, '2022-03-08', '2022-03-15'),
(1017, 91, 6, '2022-03-08', '2022-03-21'),
(1018, 61, 30, '2022-03-08', '2022-03-11'),
(1019, 78, 7, '2022-03-09', '2022-03-17'),
(1020, 3, 33, '2022-03-12', '2022-03-25'),
(1021, 5, 17, '2022-03-12', '2022-03-19'),
(1022, 90, 37, '2022-03-12', '2022-03-16'),
(1023, 85, 41, '2022-03-13', '2022-03-28'),
(1024, 93, 14, '2022-03-15', '2022-04-01'),
(1025, 78, 39, '2022-03-16', '2022-03-17'),
(1026, 68, 9, '2022-03-17', '2022-04-04'),
(1027, 81, 4, '2022-03-18', '2022-03-21'),
(1028, 41, 2, '2022-03-18', '2022-03-28'),
(1029, 98, 22, '2022-03-18', '2022-04-04'),
(1030, 11, 28, '2022-03-19', '2022-04-02'),
(1031, 18, 28, '2022-03-19', '2022-04-08'),
(1032, 2, 4, '2022-03-20', '2022-03-20'),
(1033, 50, 31, '2022-03-20', '2022-03-28'),
(1034, 33, 30, '2022-03-20', '2022-03-27'),
(1035, 5, 15, '2022-03-21', '2022-03-28'),
(1036, 95, 13, '2022-03-22', '2022-03-24'),
(1037, 21, 11, '2022-03-22', '2022-04-07'),
(1038, 41, 22, '2022-03-23', '2022-04-09'),
(1039, 8, 5, '2022-03-23', '2022-03-23'),
(1040, 92, 20, '2022-03-24', '2022-04-08'),
(1041, 46, 15, '2022-03-24', '2022-04-03'),
(1042, 57, 16, '2022-03-24', '2022-03-25'),
(1043, 20, 12, '2022-03-25', '2022-03-27'),
(1044, 14, 21, '2022-03-26', '2022-04-03'),
(1045, 24, 44, '2022-03-26', '2022-04-17'),
(1046, 16, 26, '2022-03-27', '2022-03-28'),
(1047, 76, 1, '2022-03-27', '2022-04-17'),
(1048, 21, 25, '2022-03-27', '2022-04-05'),
(1049, 41, 16, '2022-03-27', '2022-03-29'),
(1050, 80, 23, '2022-03-27', '2022-03-29'),
(1051, 50, 26, '2022-03-27', '2022-04-16'),
(1052, 83, 17, '2022-03-28', '2022-03-31'),
(1053, 18, 26, '2022-04-01', '2022-04-06'),
(1054, 23, 14, '2022-04-01', '2022-04-03'),
(1055, 9, 22, '2022-04-02', '2022-04-15'),
(1056, 92, 4, '2022-04-02', '2022-04-03'),
(1057, 22, 8, '2022-04-04', '2022-04-06'),
(1058, 48, 42, '2022-04-04', '2022-04-21'),
(1059, 96, 26, '2022-04-04', '2022-04-12'),
(1060, 19, 23, '2022-04-05', '2022-04-13'),
(1061, 20, 34, '2022-04-05', '2022-04-20'),
(1062, 47, 7, '2022-04-06', '2022-04-21'),
(1063, 85, 7, '2022-04-07', '2022-04-14'),
(1064, 18, 15, '2022-04-07', '2022-04-10'),
(1065, 20, 41, '2022-04-08', '2022-04-11'),
(1066, 49, 23, '2022-04-08', '2022-04-21'),
(1067, 94, 6, '2022-04-08', '2022-04-14'),
(1068, 8, 5, '2022-04-09', '2022-04-25'),
(1069, 29, 33, '2022-04-09', '2022-04-12'),
(1070, 10, 21, '2022-04-10', '2022-04-17'),
(1071, 4, 13, '2022-04-10', '2022-04-15'),
(1072, 20, 23, '2022-04-10', '2022-04-21'),
(1073, 23, 30, '2022-04-11', '2022-04-20'),
(1074, 66, 26, '2022-04-12', '2022-04-24'),
(1075, 97, 38, '2022-04-12', '2022-04-19'),
(1076, 52, 27, '2022-04-17', '2022-04-24'),
(1077, 33, 34, '2022-04-18', '2022-05-07'),
(1078, 27, 43, '2022-04-18', '2022-04-30'),
(1079, 65, 16, '2022-04-19', '2022-04-27'),
(1080, 23, 17, '2022-04-19', '2022-05-09'),
(1081, 16, 19, '2022-04-20', '2022-05-06'),
(1082, 63, 6, '2022-04-22', '2022-05-06'),
(1083, 63, 30, '2022-04-24', '2022-05-13'),
(1084, 99, 9, '2022-04-24', '2022-05-07'),
(1085, 26, 5, '2022-04-24', '2022-05-06'),
(1086, 86, 43, '2022-04-25', '2022-04-25'),
(1087, 49, 8, '2022-04-25', '2022-04-28'),
(1088, 88, 29, '2022-04-26', '2022-05-09'),
(1089, 79, 31, '2022-04-26', '2022-05-14'),
(1090, 20, 10, '2022-04-26', '2022-04-30'),
(1091, 66, 26, '2022-04-27', '2022-05-12'),
(1092, 2, 7, '2022-04-27', '2022-05-09'),
(1093, 53, 3, '2022-04-28', '2022-05-05'),
(1094, 68, 31, '2022-04-28', '2022-05-06'),
(1095, 96, 4, '2022-04-28', '2022-05-07'),
(1096, 18, 25, '2022-05-01', '2022-05-20'),
(1097, 95, 36, '2022-05-01', '2022-05-09'),
(1098, 15, 5, '2022-05-01', '2022-05-02'),
(1099, 40, 4, '2022-05-02', '2022-05-11'),
(1100, 56, 13, '2022-05-02', '2022-05-09');

-- --------------------------------------------------------

--
-- Tablo için tablo yapısı `kitap`
--

CREATE TABLE `kitap` (
  `kitapNo` int(11) NOT NULL,
  `kitapAdi` text COLLATE utf8_turkish_ci DEFAULT NULL,
  `syfsaysi` int(25) DEFAULT NULL,
  `turNo` int(11) DEFAULT NULL,
  `yazarNo` int(11) DEFAULT NULL
) ENGINE=InnoDB DEFAULT CHARSET=utf8 COLLATE=utf8_turkish_ci;

--
-- Tablo döküm verisi `kitap`
--

INSERT INTO `kitap` (`kitapNo`, `kitapAdi`, `syfsaysi`, `turNo`, `yazarNo`) VALUES
(1, 'Abdülhamidin Kurtlarla Da', 368, 3, 26),
(2, 'Ablamı Nereye Kaçırdılar', 220, 1, 6),
(3, 'Anayurttan Anadoluya', 311, 6, 18),
(4, 'Anneannem Gelin Oldu', 135, 4, 22),
(5, 'Antik Acılar', 179, 3, 10),
(6, 'Aşk Ve Öbür Cinler', 242, 1, 25),
(7, 'Aşksız İnsanlar', 346, 3, 22),
(8, 'Atuan Mezarları', 389, 6, 28),
(9, 'Bahar İsyancıdır', 259, 4, 6),
(10, 'Benim Üniversitelerim', 391, 2, 27),
(11, 'Bir Gemide', 89, 6, 19),
(12, 'Bir Ses Böler Geceyi', 265, 4, 6),
(13, 'Boğaziçi Şıngır Mıngır', 160, 6, 20),
(14, 'Borçlu Olduklarımız', 383, 5, 27),
(15, 'Büyücüler', 188, 6, 5),
(16, 'Danışmanlık İncileri', 393, 5, 28),
(17, 'Dol Karabekir Dol', 338, 3, 6),
(18, 'Düşler Düşü', 109, 6, 5),
(19, 'Haset Ve Şükran', 151, 3, 12),
(20, 'İnsanlarımız 3', 134, 3, 27),
(21, 'Kadınlar Okulu', 391, 1, 15),
(22, 'Kapitalist Toplum', 161, 3, 23),
(23, 'Lal Masallar', 313, 5, 11),
(24, 'Makas', 320, 1, 15),
(25, 'Minima Morelia', 183, 4, 9),
(26, 'Raikin Annesi', 93, 6, 23),
(27, 'Rana', 135, 4, 8),
(28, 'Rengahenk', 149, 6, 12),
(29, 'Sarıkamıştan Esarete', 178, 5, 16),
(30, 'Savaş Sanatı', 256, 2, 20),
(31, 'Sessiz Arka Bahçeler', 248, 5, 8),
(32, 'Sıradışı Filozoflar', 314, 2, 26),
(33, 'Telgrafhane', 293, 6, 19),
(34, 'Toprak', 230, 2, 23),
(35, 'Üsküdarda Sabah Oldu', 101, 5, 13),
(36, 'Yedi İklim Dört Bucak', 282, 2, 25),
(37, 'Zararlı Alışkanlıklar', 203, 5, 10),
(38, 'Zengin Kadın', 304, 5, 28),
(39, 'Abluka', 220, 1, 7),
(40, 'Açlık', 294, 3, 20),
(41, 'Adı Aylin', 97, 2, 6),
(42, 'Aklın İsyanı', 297, 4, 24),
(43, 'Araba Sevdası', 168, 2, 11),
(44, 'Araf', 235, 1, 16),
(45, 'Başarı Rehberi', 116, 4, 1),
(46, 'Gece Yarısı Kütüphanesi', 296, 9, 31),
(47, 'Süleyman Askerî Bey', 352, 9, 32),
(48, 'Modern Ortadoğu Nasıl Kuruldu', 224, 9, 33),
(49, 'Vicdan Bir Kara Kutudur', 152, 9, 34),
(50, 'Abartma Tozu', 160, 10, 35),
(51, 'Dedemin Bakkalı', 200, 10, 35),
(52, 'Bütün Çocuklar İyidir', 72, 10, 36),
(53, 'Martıya Uçmayı Öğreten Kedi', 124, 10, 37),
(54, 'Çaylak ile Filozof', 128, 10, 38),
(55, 'Birinci Dünya Savaşı Tarihi', 336, 9, 39),
(56, 'Kızılelma 2 - Büyük Kartal', 208, 9, 40),
(57, 'Savaş, Siyaset, Cinayet', 304, 9, 41),
(58, 'Halifelerin Orduları', 335, 9, 42),
(59, 'Osmanlı\'da Bir Vampir Vakası', 208, 9, 43),
(60, 'Atatürkçülük Dersleri', 316, 9, 44),
(61, 'Türklerin Kısa Tarihi', 264, 9, 45),
(62, 'Demir Dağ\'ın Hükümdarları', 399, 9, 46),
(63, 'SPY×FAMILY 10', 194, 11, 47),
(64, 'Kimetsu no Yaiba 3', 192, 11, 48),
(65, 'Gangsta - Cilt 3', 194, 11, 49),
(66, 'Tokyo Revengers Vol. 29', 200, 11, 50),
(67, 'One Piece 48. Cilt', 228, 11, 51),
(68, 'My Hero Academia Vol 33', 192, 11, 52),
(69, 'Attack on Titan Vol. 29', 192, 11, 53),
(70, 'Gravity Falls: Lost Legends: 4', 144, 11, 54),
(71, 'Çaylak ile Filozof', 128, 10, 55),
(72, 'Bu Bizim Anlaşmamız', 336, 10, 56),
(73, 'Uzaya Giden Tren', 64, 10, 57),
(74, 'Levent Göbeklitepe', 160, 10, 58),
(75, 'Donanma Antlaşması', 152, 10, 59),
(76, 'Çizgili Pijamalı Çocuk', 198, 10, 60),
(77, 'Mutlu Prens', 56, 10, 61);

-- --------------------------------------------------------

--
-- Tablo için tablo yapısı `tur`
--

CREATE TABLE `tur` (
  `turNo` int(11) NOT NULL,
  `turAdi` varchar(25) COLLATE utf8_turkish_ci DEFAULT NULL
) ENGINE=InnoDB DEFAULT CHARSET=utf8 COLLATE=utf8_turkish_ci;

--
-- Tablo döküm verisi `tur`
--

INSERT INTO `tur` (`turNo`, `turAdi`) VALUES
(1, 'Dram'),
(2, 'Komedi'),
(3, 'Roman'),
(4, 'Hikaye'),
(5, 'Araştırma'),
(6, 'Fıkra'),
(7, 'Deneme'),
(8, 'Roman, Hikaye'),
(9, 'Tarih'),
(10, 'Çocuk'),
(11, 'Çizgi-Roman');

-- --------------------------------------------------------

--
-- Tablo için tablo yapısı `uye`
--

CREATE TABLE `uye` (
  `uyeNo` int(11) NOT NULL,
  `uyeAd` varchar(25) COLLATE utf8_turkish_ci DEFAULT NULL,
  `uyeSoyad` varchar(25) COLLATE utf8_turkish_ci DEFAULT NULL,
  `cinsiyet` varchar(25) COLLATE utf8_turkish_ci DEFAULT NULL,
  `dtarih` date DEFAULT NULL
) ENGINE=InnoDB DEFAULT CHARSET=utf8 COLLATE=utf8_turkish_ci;

--
-- Tablo döküm verisi `uye`
--

INSERT INTO `uye` (`uyeNo`, `uyeAd`, `uyeSoyad`, `cinsiyet`, `dtarih`) VALUES
(1, 'Hülya', 'Yiğit', 'K', '2000-04-08'),
(2, 'Niyazi', 'Sevinç', 'E', '1998-11-11'),
(3, 'İsmail', 'Sevinç', 'E', '1998-04-17'),
(4, 'Kenan', 'Emin', 'E', '2002-02-23'),
(5, 'Sema', 'Bakır', 'K', '1998-04-07'),
(6, 'Deniz', 'Kara', 'E', '2003-07-21'),
(7, 'Betül', 'Coşkun', 'K', '1998-01-10'),
(8, 'Sema', 'Rüzgar', 'K', '1997-11-14'),
(9, 'Fadime', 'Dönmez', 'K', '2004-09-11'),
(10, 'Rıza', 'Koç', 'E', '1998-01-26'),
(11, 'Ceylan', 'Kabak', 'K', '1996-02-02'),
(12, 'Deniz', 'Akçakaya', 'E', '1997-01-24'),
(13, 'Kemal', 'Karapınar', 'E', '1998-10-23'),
(14, 'Derya', 'Yılbur', 'K', '1998-08-12'),
(15, 'Filiz', 'Akat', 'K', '1997-09-09'),
(16, 'Niyazi', 'Dönmez', 'E', '2008-05-08'),
(17, 'Sema', 'Sekmen', 'K', '1998-08-16'),
(18, 'İsmail', 'Balcı', 'E', '1998-09-09'),
(19, 'Ahmet', 'Yıldız', 'E', '1997-04-25'),
(20, 'Hasan', 'Alp', 'E', '1998-10-20'),
(21, 'Derya', 'Şahin', 'K', '1997-01-25'),
(22, 'Süleyman', 'Rüzgar', 'E', '1997-11-20'),
(23, 'Fatma', 'Akçakaya', 'K', '2000-11-23'),
(24, 'Fidan', 'Taşdemir', 'K', '1998-01-04'),
(25, 'Cemil', 'Yazar', 'E', '2006-07-13'),
(26, 'Hülya', 'Yiğit', 'K', '1998-01-03'),
(27, 'Mustafa', 'Can', 'E', '1996-03-10'),
(28, 'İsmail', 'Kara', 'E', '1997-08-12'),
(29, 'Ali', 'Çamak', 'E', '1996-04-22'),
(30, 'Mümtaz', 'Topal', 'E', '1996-05-22'),
(31, 'Filiz', 'Ezer', 'K', '1997-03-26'),
(32, 'İsmail', 'Yiğit', 'E', '1998-10-10'),
(33, 'Ayşe', 'Çamak', 'K', '1997-07-22'),
(34, 'Sabri', 'Can', 'E', '1997-02-26'),
(35, 'Derya', 'Küçük', 'K', '1997-05-28'),
(36, 'Rıza', 'Yıldız', 'E', '1997-10-11'),
(37, 'Şenol', 'Dağ', 'E', '1997-04-14'),
(38, 'Hülya', 'Balcı', 'K', '1998-05-19'),
(39, 'Hakkı', 'Akçakaya', 'E', '1996-01-10'),
(40, 'Süleyman', 'Kılıç', 'E', '1996-02-09'),
(41, 'Leyla', 'Dağ', 'K', '1996-10-12'),
(42, 'Hakkı', 'Aktaş', 'E', '1998-11-24'),
(43, 'İlyas', 'Çamak', 'E', '1996-11-06'),
(44, 'Rıza', 'Karapınar', 'E', '1997-07-23'),
(45, 'Deniz', 'Güven', 'E', '1998-10-09'),
(46, 'Eşref', 'Demir', 'E', '1998-07-11'),
(47, 'Kenan', 'Can', 'E', '1998-07-16'),
(48, 'Niyazi', 'Karakaya', 'E', '1997-01-14'),
(49, 'Kemal', 'Emin', 'E', '1998-10-13'),
(50, 'Fadime', 'Karakaş', 'K', '1998-05-05'),
(51, 'Şenol', 'Coşkun', 'E', '1996-09-14'),
(52, 'İlyas', 'Yılbur', 'E', '1996-05-12'),
(53, 'Sabri', 'Karakaya', 'E', '1996-03-05'),
(54, 'Filiz', 'Kabak', 'K', '1997-03-21'),
(55, 'Rıza', 'Anıl', 'E', '1996-01-15'),
(56, 'Zeynep', 'Sarıkaya', 'K', '1997-05-08'),
(57, 'Fidan', 'Kılıç', 'K', '1997-04-04'),
(58, 'Rıza', 'Karakaş', 'E', '1996-04-06'),
(59, 'Cemil', 'Kara', 'E', '1997-10-15'),
(60, 'Fatma', 'Karakaş', 'K', '1998-10-16'),
(61, 'Nazım', 'Başkara', 'E', '1996-04-18'),
(62, 'Mümtaz', 'Çamak', 'E', '1997-05-23'),
(63, 'Zeynep', 'Yiğit', 'K', '1998-05-01'),
(64, 'Leyla', 'Taşdemir', 'K', '1997-10-08'),
(65, 'Kenan', 'Başak', 'E', '1996-06-11'),
(66, 'Cemil', 'Topal', 'E', '1996-04-08'),
(67, 'Behlül', 'Emin', 'E', '1998-11-06'),
(68, 'Şenol', 'Karakaya', 'E', '1998-08-02'),
(69, 'Eşref', 'Küçük', 'E', '1998-03-14'),
(70, 'İnci', 'Can', 'K', '1998-10-16'),
(71, 'Derya', 'Başak', 'K', '1996-08-28'),
(72, 'Leyla', 'Karapınar', 'K', '1996-04-10'),
(73, 'Deniz', 'Dönmez', 'E', '1998-06-16'),
(74, 'Mehmet', 'Dönmez', 'E', '1998-08-15'),
(75, 'Emine', 'Yılbur', 'K', '1996-05-22'),
(76, 'Pınar', 'Karakaya', 'K', '1997-05-09'),
(77, 'İnci', 'Alp', 'K', '1997-10-06'),
(78, 'Pınar', 'Yıldız', 'K', '1996-11-13'),
(79, 'Şenol', 'Çelik', 'E', '1997-09-13'),
(80, 'Fidan', 'Bakır', 'K', '1998-03-15'),
(81, 'Remzi', 'Akat', 'E', '1996-03-24'),
(82, 'Emine', 'Alp', 'K', '1998-03-14'),
(83, 'Kenan', 'Başkara', 'E', '1998-04-28'),
(84, 'Şakir', 'Kılıç', 'E', '1998-11-11'),
(85, 'Fidan', 'Kılıç', 'K', '1996-11-12'),
(86, 'Jale', 'Karapınar', 'K', '1996-07-17'),
(87, 'Süleyman', 'Kılıç', 'E', '1996-02-05'),
(88, 'Ceylan', 'Karakaya', 'K', '1998-09-07'),
(89, 'Niyazi', 'Yazar', 'E', '1996-04-23'),
(90, 'Deniz', 'Dağ', 'E', '1996-01-25'),
(91, 'Rıza', 'Şahin', 'E', '1998-09-28'),
(92, 'Fatma', 'Başkara', 'K', '1997-10-15'),
(93, 'Niyazi', 'Kabak', 'E', '1997-08-02'),
(94, 'Fadime', 'Ezer', 'K', '1998-10-16'),
(95, 'Kenan', 'Kılıç', 'E', '1996-11-12'),
(96, 'Şenol', 'Dönmez', 'E', '1997-08-19'),
(97, 'Leyla', 'Kabak', 'K', '1996-10-02'),
(98, 'Fatma', 'Balcı', 'K', '1997-05-07'),
(99, 'Eşref', 'Güven', 'E', '1996-01-24'),
(100, 'Jale', 'Sekmen', 'K', '1996-04-15');

-- --------------------------------------------------------

--
-- Tablo için tablo yapısı `yazar`
--

CREATE TABLE `yazar` (
  `yazarNo` int(11) NOT NULL,
  `yazarAd` varchar(25) COLLATE utf8_turkish_ci DEFAULT NULL,
  `yazarSoyad` varchar(25) COLLATE utf8_turkish_ci DEFAULT NULL
) ENGINE=InnoDB DEFAULT CHARSET=utf8 COLLATE=utf8_turkish_ci;

--
-- Tablo döküm verisi `yazar`
--

INSERT INTO `yazar` (`yazarNo`, `yazarAd`, `yazarSoyad`) VALUES
(1, 'Leyla', 'Çelik'),
(2, 'Zeynep', 'Emin'),
(3, 'Ali', 'Yazar'),
(4, 'Deniz', 'Akpınar'),
(5, 'Mehmet', 'Çelik'),
(6, 'Sabri', 'Demir'),
(7, 'Kemal', 'Yılbur'),
(8, 'Remzi', 'Rüzgar'),
(9, 'Pınar', 'Karakaş'),
(10, 'Remzi', 'Rüzgar'),
(11, 'Emin', 'Karakaş'),
(12, 'Leyla', 'Sevinç'),
(13, 'Fidan', 'Akpınar'),
(14, 'Fadime', 'Balcı'),
(15, 'Ceylan', 'Çelik'),
(16, 'Derya', 'Balcı'),
(17, 'Pınar', 'Sevinç'),
(18, 'Kenan', 'Kabak'),
(19, 'Sabri', 'Can'),
(20, 'Emin', 'Kara'),
(21, 'Eşref', 'Kabak'),
(22, 'Fidan', 'Aktaş'),
(23, 'Zeynep', 'Bayrak'),
(24, 'İsmail', 'Yiğit'),
(25, 'Niyazi', 'Özcan'),
(26, 'Derya', 'Akçakaya'),
(27, 'Mine', 'Başkara'),
(28, 'Şakir', 'Kızıltepe'),
(29, 'Filiz', 'Yıldız'),
(30, 'Kemal', 'Karakaya'),
(31, 'Matt', ' Haig'),
(32, 'Süleyman', 'Tekir '),
(33, 'Bernard', ' Lewis'),
(34, 'Mesud', 'Topal'),
(35, 'Şermin', 'Yaşar'),
(36, 'Nihan', 'Kaya'),
(37, 'Luis', 'Sepulveda'),
(38, 'Özkan', 'Öze'),
(39, 'Andrew', 'Wiest'),
(40, 'Rüya Nuriye', 'İlhan'),
(41, 'Nevzat', 'Artuç'),
(42, 'Hugh', 'Kennedy'),
(43, 'Onur', 'Ataç'),
(44, 'Cihan', 'Dura'),
(45, 'Tufan', 'Gündüz'),
(46, 'Kyle', 'Crossley'),
(47, 'Tatsuya', 'Endo'),
(48, 'Koyoharu', 'Gotouge'),
(49, 'Kawase', 'Kohske'),
(50, 'Ken', 'Wakui'),
(51, 'Eiiçiro', 'Oda'),
(52, 'Kohei', 'Horikoşi'),
(53, 'Hajime', 'İsayama'),
(54, 'Alex', 'Hirsch'),
(55, 'Özkan', 'Öze'),
(56, 'Ryan', 'Andrews'),
(57, 'Mert', 'Arık'),
(58, 'Mustafa', 'Orakçı'),
(59, 'Arthur', 'Conan Doyle'),
(60, 'John', 'Boyne'),
(61, 'Oscar', 'Wilde');

--
-- Dökümü yapılmış tablolar için indeksler
--

--
-- Tablo için indeksler `islem`
--
ALTER TABLE `islem`
  ADD PRIMARY KEY (`islemNo`),
  ADD KEY `uyeNo` (`uyeNo`),
  ADD KEY `kitapNo` (`kitapNo`);

--
-- Tablo için indeksler `kitap`
--
ALTER TABLE `kitap`
  ADD PRIMARY KEY (`kitapNo`),
  ADD KEY `turNo` (`turNo`),
  ADD KEY `yazarNo` (`yazarNo`);

--
-- Tablo için indeksler `tur`
--
ALTER TABLE `tur`
  ADD PRIMARY KEY (`turNo`);

--
-- Tablo için indeksler `uye`
--
ALTER TABLE `uye`
  ADD PRIMARY KEY (`uyeNo`);

--
-- Tablo için indeksler `yazar`
--
ALTER TABLE `yazar`
  ADD PRIMARY KEY (`yazarNo`);

--
-- Dökümü yapılmış tablolar için AUTO_INCREMENT değeri
--

--
-- Tablo için AUTO_INCREMENT değeri `islem`
--
ALTER TABLE `islem`
  MODIFY `islemNo` int(11) NOT NULL AUTO_INCREMENT, AUTO_INCREMENT=1102;

--
-- Tablo için AUTO_INCREMENT değeri `kitap`
--
ALTER TABLE `kitap`
  MODIFY `kitapNo` int(11) NOT NULL AUTO_INCREMENT, AUTO_INCREMENT=78;

--
-- Tablo için AUTO_INCREMENT değeri `tur`
--
ALTER TABLE `tur`
  MODIFY `turNo` int(11) NOT NULL AUTO_INCREMENT, AUTO_INCREMENT=12;

--
-- Tablo için AUTO_INCREMENT değeri `uye`
--
ALTER TABLE `uye`
  MODIFY `uyeNo` int(11) NOT NULL AUTO_INCREMENT, AUTO_INCREMENT=101;

--
-- Tablo için AUTO_INCREMENT değeri `yazar`
--
ALTER TABLE `yazar`
  MODIFY `yazarNo` int(11) NOT NULL AUTO_INCREMENT, AUTO_INCREMENT=62;

--
-- Dökümü yapılmış tablolar için kısıtlamalar
--

--
-- Tablo kısıtlamaları `islem`
--
ALTER TABLE `islem`
  ADD CONSTRAINT `islem_ibfk_1` FOREIGN KEY (`uyeNo`) REFERENCES `uye` (`uyeNo`),
  ADD CONSTRAINT `islem_ibfk_2` FOREIGN KEY (`kitapNo`) REFERENCES `kitap` (`kitapNo`);

--
-- Tablo kısıtlamaları `kitap`
--
ALTER TABLE `kitap`
  ADD CONSTRAINT `kitap_ibfk_1` FOREIGN KEY (`turNo`) REFERENCES `tur` (`turNo`),
  ADD CONSTRAINT `kitap_ibfk_2` FOREIGN KEY (`yazarNo`) REFERENCES `yazar` (`yazarNo`);
COMMIT;

/*!40101 SET CHARACTER_SET_CLIENT=@OLD_CHARACTER_SET_CLIENT */;
/*!40101 SET CHARACTER_SET_RESULTS=@OLD_CHARACTER_SET_RESULTS */;
/*!40101 SET COLLATION_CONNECTION=@OLD_COLLATION_CONNECTION */;
